<?xml version="1.0" encoding="UTF-8"?>
<GenRun Id="impl_1" LaunchPart="xc7a35tcpg236-1" LaunchTime="1739107688">
  <File Type="ROUTE-RQS-RPT" Name="route_report_qor_suggestions_0.rpt"/>
  <File Type="POSTROUTE-PHYSOPT-RQS" Name="UART_Controller_postroute_physopted.rqs"/>
  <File Type="ROUTE-RQS" Name="UART_Controller_routed.rqs"/>
  <File Type="WBT-USG" Name="usage_statistics_webtalk.html"/>
  <File Type="BG-BGN" Name="UART_Controller.bgn"/>
  <File Type="BITSTR-SYSDEF" Name="UART_Controller.sysdef"/>
  <File Type="BITSTR-LTX" Name="debug_nets.ltx"/>
  <File Type="BITSTR-LTX" Name="UART_Controller.ltx"/>
  <File Type="RBD_FILE" Name="UART_Controller.rbd"/>
  <File Type="NPI_FILE" Name="UART_Controller.npi"/>
  <File Type="RNPI_FILE" Name="UART_Controller.rnpi"/>
  <File Type="CFI_FILE" Name="UART_Controller.cfi"/>
  <File Type="RCFI_FILE" Name="UART_Controller.rcfi"/>
  <File Type="PL-PDI-FILE" Name="UART_Controller_pld.pdi"/>
  <File Type="BOOT-PDI-FILE" Name="UART_Controller_boot.pdi"/>
  <File Type="RDI-RDI" Name="UART_Controller.vdi"/>
  <File Type="PDI-FILE" Name="UART_Controller.pdi"/>
  <File Type="BITSTR-MMI" Name="UART_Controller.mmi"/>
  <File Type="BITSTR-BMM" Name="UART_Controller_bd.bmm"/>
  <File Type="BITSTR-NKY" Name="UART_Controller.nky"/>
  <File Type="BITSTR-RBT" Name="UART_Controller.rbt"/>
  <File Type="BITSTR-MSK" Name="UART_Controller.msk"/>
  <File Type="BG-BIN" Name="UART_Controller.bin"/>
  <File Type="POSTROUTE-PHYSOPT-RQS-RPT" Name="postroute_physopt_report_qor_suggestions_0.rpt"/>
  <File Type="BG-BIT" Name="UART_Controller.bit"/>
  <File Type="POSTROUTE-PHYSOPT-BUS-SKEW-RPX" Name="UART_Controller_bus_skew_postroute_physopted.rpx"/>
  <File Type="POSTROUTE-PHYSOPT-BUS-SKEW-PB" Name="UART_Controller_bus_skew_postroute_physopted.pb"/>
  <File Type="POSTROUTE-PHYSOPT-BUS-SKEW" Name="UART_Controller_bus_skew_postroute_physopted.rpt"/>
  <File Type="POSTROUTE-PHYSOPT-TIMING-RPX" Name="UART_Controller_timing_summary_postroute_physopted.rpx"/>
  <File Type="POSTROUTE-PHYSOPT-TIMING-PB" Name="UART_Controller_timing_summary_postroute_physopted.pb"/>
  <File Type="POSTROUTE-PHYSOPT-TIMING" Name="UART_Controller_timing_summary_postroute_physopted.rpt"/>
  <File Type="POSTROUTE-PHYSOPT-BLACKBOX-DCP" Name="UART_Controller_postroute_physopt_bb.dcp"/>
  <File Type="POSTROUTE-PHYSOPT-DCP" Name="UART_Controller_postroute_physopt.dcp"/>
  <File Type="BG-DRC" Name="UART_Controller.drc"/>
  <File Type="ROUTE-RQS-PB" Name="UART_Controller_rqs_routed.pb"/>
  <File Type="ROUTE-BUS-SKEW-RPX" Name="UART_Controller_bus_skew_routed.rpx"/>
  <File Type="ROUTE-BUS-SKEW-PB" Name="UART_Controller_bus_skew_routed.pb"/>
  <File Type="ROUTE-BUS-SKEW" Name="UART_Controller_bus_skew_routed.rpt"/>
  <File Type="PLACE-UTIL-PB" Name="UART_Controller_utilization_placed.pb"/>
  <File Type="OPT-METHODOLOGY-DRC" Name="UART_Controller_methodology_drc_opted.rpt"/>
  <File Type="PLACE-UTIL" Name="UART_Controller_utilization_placed.rpt"/>
  <File Type="PLACE-CLK" Name="UART_Controller_clock_utilization_placed.rpt"/>
  <File Type="PLACE-IO" Name="UART_Controller_io_placed.rpt"/>
  <File Type="PHYSOPT-TIMING" Name="UART_Controller_timing_summary_physopted.rpt"/>
  <File Type="PWROPT-DRC" Name="UART_Controller_drc_pwropted.rpt"/>
  <File Type="PWROPT-TIMING" Name="UART_Controller_timing_summary_pwropted.rpt"/>
  <File Type="OPT-DRC" Name="UART_Controller_drc_opted.rpt"/>
  <File Type="PLACE-TIMING" Name="UART_Controller_timing_summary_placed.rpt"/>
  <File Type="INIT-TIMING" Name="UART_Controller_timing_summary_init.rpt"/>
  <File Type="PA-TCL" Name="UART_Controller.tcl"/>
  <File Type="PLACE-CTRL" Name="UART_Controller_control_sets_placed.rpt"/>
  <File Type="ROUTE-METHODOLOGY-DRC" Name="UART_Controller_methodology_drc_routed.rpt"/>
  <File Type="OPT-DCP" Name="UART_Controller_opt.dcp"/>
  <File Type="OPT-RQA-PB" Name="UART_Controller_rqa_opted.pb"/>
  <File Type="OPT-HWDEF" Name="UART_Controller.hwdef"/>
  <File Type="POSTPLACE-PWROPT-TIMING" Name="UART_Controller_timing_summary_postplace_pwropted.rpt"/>
  <File Type="REPORTS-TCL" Name="UART_Controller_reports.tcl"/>
  <File Type="OPT-TIMING" Name="UART_Controller_timing_summary_opted.rpt"/>
  <File Type="PLACE-SIMILARITY" Name="UART_Controller_incremental_reuse_placed.rpt"/>
  <File Type="ROUTE-METHODOLOGY-DRC-PB" Name="UART_Controller_methodology_drc_routed.pb"/>
  <File Type="PLACE-DCP" Name="UART_Controller_placed.dcp"/>
  <File Type="PLACE-RQA-PB" Name="UART_Controller_rqa_placed.pb"/>
  <File Type="PLACE-PRE-SIMILARITY" Name="UART_Controller_incremental_reuse_pre_placed.rpt"/>
  <File Type="ROUTE-DRC-RPX" Name="UART_Controller_drc_routed.rpx"/>
  <File Type="PWROPT-DCP" Name="UART_Controller_pwropt.dcp"/>
  <File Type="POSTPLACE-PWROPT-DCP" Name="UART_Controller_postplace_pwropt.dcp"/>
  <File Type="PHYSOPT-DCP" Name="UART_Controller_physopt.dcp"/>
  <File Type="PHYSOPT-DRC" Name="UART_Controller_drc_physopted.rpt"/>
  <File Type="ROUTE-ERROR-DCP" Name="UART_Controller_routed_error.dcp"/>
  <File Type="ROUTE-DCP" Name="UART_Controller_routed.dcp"/>
  <File Type="ROUTE-BLACKBOX-DCP" Name="UART_Controller_routed_bb.dcp"/>
  <File Type="ROUTE-DRC" Name="UART_Controller_drc_routed.rpt"/>
  <File Type="ROUTE-METHODOLOGY-DRC-RPX" Name="UART_Controller_methodology_drc_routed.rpx"/>
  <File Type="ROUTE-DRC-PB" Name="UART_Controller_drc_routed.pb"/>
  <File Type="ROUTE-PWR" Name="UART_Controller_power_routed.rpt"/>
  <File Type="ROUTE-PWR-SUM" Name="UART_Controller_power_summary_routed.pb"/>
  <File Type="ROUTE-PWR-RPX" Name="UART_Controller_power_routed.rpx"/>
  <File Type="ROUTE-STATUS" Name="UART_Controller_route_status.rpt"/>
  <File Type="ROUTE-STATUS-PB" Name="UART_Controller_route_status.pb"/>
  <File Type="ROUTE-TIMINGSUMMARY" Name="UART_Controller_timing_summary_routed.rpt"/>
  <File Type="ROUTE-TIMING-PB" Name="UART_Controller_timing_summary_routed.pb"/>
  <File Type="ROUTE-TIMING-RPX" Name="UART_Controller_timing_summary_routed.rpx"/>
  <File Type="ROUTE-SIMILARITY" Name="UART_Controller_incremental_reuse_routed.rpt"/>
  <File Type="ROUTE-CLK" Name="UART_Controller_clock_utilization_routed.rpt"/>
  <FileSet Name="sources" Type="DesignSrcs" RelSrcDir="$PSRCDIR/sources_1" RelGenDir="$PGENDIR/sources_1">
    <Filter Type="Srcs"/>
    <File Path="$PSRCDIR/sources_1/new/Debouncer.vhd">
      <FileInfo>
        <Attr Name="UsedIn" Val="synthesis"/>
        <Attr Name="UsedIn" Val="simulation"/>
      </FileInfo>
    </File>
    <File Path="$PSRCDIR/sources_1/new/UART.vhd">
      <FileInfo>
        <Attr Name="UsedIn" Val="synthesis"/>
        <Attr Name="UsedIn" Val="simulation"/>
      </FileInfo>
    </File>
    <File Path="$PSRCDIR/sources_1/new/UART_RX.vhd">
      <FileInfo>
        <Attr Name="UsedIn" Val="synthesis"/>
        <Attr Name="UsedIn" Val="simulation"/>
      </FileInfo>
    </File>
    <File Path="$PSRCDIR/sources_1/new/UART_TX.vhd">
      <FileInfo>
        <Attr Name="UsedIn" Val="synthesis"/>
        <Attr Name="UsedIn" Val="simulation"/>
      </FileInfo>
    </File>
    <File Path="$PSRCDIR/sources_1/new/UART_Controller.vhd">
      <FileInfo>
        <Attr Name="UsedIn" Val="synthesis"/>
        <Attr Name="UsedIn" Val="simulation"/>
      </FileInfo>
    </File>
    <Config>
      <Option Name="DesignMode" Val="RTL"/>
      <Option Name="TopModule" Val="UART_Controller"/>
      <Option Name="TopAutoSet" Val="TRUE"/>
    </Config>
  </FileSet>
  <FileSet Name="constrs_in" Type="Constrs" RelSrcDir="$PSRCDIR/constrs_1" RelGenDir="$PGENDIR/constrs_1">
    <Filter Type="Constrs"/>
    <File Path="$PSRCDIR/constrs_1/new/XDC.xdc">
      <FileInfo>
        <Attr Name="UsedIn" Val="synthesis"/>
        <Attr Name="UsedIn" Val="implementation"/>
      </FileInfo>
    </File>
    <Config>
      <Option Name="ConstrsType" Val="XDC"/>
    </Config>
  </FileSet>
  <FileSet Name="utils" Type="Utils" RelSrcDir="$PSRCDIR/utils_1" RelGenDir="$PGENDIR/utils_1">
    <Filter Type="Utils"/>
    <Config>
      <Option Name="TopAutoSet" Val="TRUE"/>
    </Config>
  </FileSet>
  <Strategy Version="1" Minor="2">
    <StratHandle Name="Vivado Implementation Defaults" Flow="Vivado Implementation 2024">
      <Desc>Default settings for Implementation.</Desc>
    </StratHandle>
    <Step Id="init_design"/>
    <Step Id="opt_design"/>
    <Step Id="power_opt_design"/>
    <Step Id="place_design"/>
    <Step Id="post_place_power_opt_design"/>
    <Step Id="phys_opt_design"/>
    <Step Id="route_design"/>
    <Step Id="post_route_phys_opt_design"/>
    <Step Id="write_bitstream"/>
  </Strategy>
</GenRun>
