<?xml version="1.0" encoding="UTF-8"?>
<GenRun Id="impl_1" LaunchPart="xc7a35tcpg236-1" LaunchTime="1738328517">
  <File Type="ROUTE-RQS-RPT" Name="route_report_qor_suggestions_0.rpt"/>
  <File Type="POSTROUTE-PHYSOPT-RQS" Name="Main_DC_Motor_postroute_physopted.rqs"/>
  <File Type="ROUTE-RQS" Name="Main_DC_Motor_routed.rqs"/>
  <File Type="WBT-USG" Name="usage_statistics_webtalk.html"/>
  <File Type="BG-BGN" Name="Main_DC_Motor.bgn"/>
  <File Type="BITSTR-SYSDEF" Name="Main_DC_Motor.sysdef"/>
  <File Type="BITSTR-LTX" Name="debug_nets.ltx"/>
  <File Type="BITSTR-LTX" Name="Main_DC_Motor.ltx"/>
  <File Type="RBD_FILE" Name="Main_DC_Motor.rbd"/>
  <File Type="NPI_FILE" Name="Main_DC_Motor.npi"/>
  <File Type="RNPI_FILE" Name="Main_DC_Motor.rnpi"/>
  <File Type="CFI_FILE" Name="Main_DC_Motor.cfi"/>
  <File Type="RCFI_FILE" Name="Main_DC_Motor.rcfi"/>
  <File Type="PL-PDI-FILE" Name="Main_DC_Motor_pld.pdi"/>
  <File Type="BOOT-PDI-FILE" Name="Main_DC_Motor_boot.pdi"/>
  <File Type="RDI-RDI" Name="Main_DC_Motor.vdi"/>
  <File Type="PDI-FILE" Name="Main_DC_Motor.pdi"/>
  <File Type="BITSTR-MMI" Name="Main_DC_Motor.mmi"/>
  <File Type="BITSTR-BMM" Name="Main_DC_Motor_bd.bmm"/>
  <File Type="BITSTR-NKY" Name="Main_DC_Motor.nky"/>
  <File Type="BITSTR-RBT" Name="Main_DC_Motor.rbt"/>
  <File Type="BITSTR-MSK" Name="Main_DC_Motor.msk"/>
  <File Type="BG-BIN" Name="Main_DC_Motor.bin"/>
  <File Type="POSTROUTE-PHYSOPT-RQS-RPT" Name="postroute_physopt_report_qor_suggestions_0.rpt"/>
  <File Type="BG-BIT" Name="Main_DC_Motor.bit"/>
  <File Type="POSTROUTE-PHYSOPT-BUS-SKEW-RPX" Name="Main_DC_Motor_bus_skew_postroute_physopted.rpx"/>
  <File Type="POSTROUTE-PHYSOPT-BUS-SKEW-PB" Name="Main_DC_Motor_bus_skew_postroute_physopted.pb"/>
  <File Type="POSTROUTE-PHYSOPT-BUS-SKEW" Name="Main_DC_Motor_bus_skew_postroute_physopted.rpt"/>
  <File Type="POSTROUTE-PHYSOPT-TIMING-RPX" Name="Main_DC_Motor_timing_summary_postroute_physopted.rpx"/>
  <File Type="POSTROUTE-PHYSOPT-TIMING-PB" Name="Main_DC_Motor_timing_summary_postroute_physopted.pb"/>
  <File Type="POSTROUTE-PHYSOPT-TIMING" Name="Main_DC_Motor_timing_summary_postroute_physopted.rpt"/>
  <File Type="POSTROUTE-PHYSOPT-BLACKBOX-DCP" Name="Main_DC_Motor_postroute_physopt_bb.dcp"/>
  <File Type="POSTROUTE-PHYSOPT-DCP" Name="Main_DC_Motor_postroute_physopt.dcp"/>
  <File Type="BG-DRC" Name="Main_DC_Motor.drc"/>
  <File Type="ROUTE-RQS-PB" Name="Main_DC_Motor_rqs_routed.pb"/>
  <File Type="ROUTE-BUS-SKEW-RPX" Name="Main_DC_Motor_bus_skew_routed.rpx"/>
  <File Type="ROUTE-BUS-SKEW-PB" Name="Main_DC_Motor_bus_skew_routed.pb"/>
  <File Type="ROUTE-BUS-SKEW" Name="Main_DC_Motor_bus_skew_routed.rpt"/>
  <File Type="PLACE-UTIL-PB" Name="Main_DC_Motor_utilization_placed.pb"/>
  <File Type="OPT-METHODOLOGY-DRC" Name="Main_DC_Motor_methodology_drc_opted.rpt"/>
  <File Type="PLACE-UTIL" Name="Main_DC_Motor_utilization_placed.rpt"/>
  <File Type="PLACE-CLK" Name="Main_DC_Motor_clock_utilization_placed.rpt"/>
  <File Type="PLACE-IO" Name="Main_DC_Motor_io_placed.rpt"/>
  <File Type="PHYSOPT-TIMING" Name="Main_DC_Motor_timing_summary_physopted.rpt"/>
  <File Type="PWROPT-DRC" Name="Main_DC_Motor_drc_pwropted.rpt"/>
  <File Type="PWROPT-TIMING" Name="Main_DC_Motor_timing_summary_pwropted.rpt"/>
  <File Type="OPT-DRC" Name="Main_DC_Motor_drc_opted.rpt"/>
  <File Type="PLACE-TIMING" Name="Main_DC_Motor_timing_summary_placed.rpt"/>
  <File Type="INIT-TIMING" Name="Main_DC_Motor_timing_summary_init.rpt"/>
  <File Type="PA-TCL" Name="Main_DC_Motor.tcl"/>
  <File Type="PLACE-CTRL" Name="Main_DC_Motor_control_sets_placed.rpt"/>
  <File Type="ROUTE-METHODOLOGY-DRC" Name="Main_DC_Motor_methodology_drc_routed.rpt"/>
  <File Type="OPT-DCP" Name="Main_DC_Motor_opt.dcp"/>
  <File Type="OPT-RQA-PB" Name="Main_DC_Motor_rqa_opted.pb"/>
  <File Type="OPT-HWDEF" Name="Main_DC_Motor.hwdef"/>
  <File Type="POSTPLACE-PWROPT-TIMING" Name="Main_DC_Motor_timing_summary_postplace_pwropted.rpt"/>
  <File Type="REPORTS-TCL" Name="Main_DC_Motor_reports.tcl"/>
  <File Type="OPT-TIMING" Name="Main_DC_Motor_timing_summary_opted.rpt"/>
  <File Type="PLACE-SIMILARITY" Name="Main_DC_Motor_incremental_reuse_placed.rpt"/>
  <File Type="ROUTE-METHODOLOGY-DRC-PB" Name="Main_DC_Motor_methodology_drc_routed.pb"/>
  <File Type="PLACE-DCP" Name="Main_DC_Motor_placed.dcp"/>
  <File Type="PLACE-RQA-PB" Name="Main_DC_Motor_rqa_placed.pb"/>
  <File Type="PLACE-PRE-SIMILARITY" Name="Main_DC_Motor_incremental_reuse_pre_placed.rpt"/>
  <File Type="ROUTE-DRC-RPX" Name="Main_DC_Motor_drc_routed.rpx"/>
  <File Type="PWROPT-DCP" Name="Main_DC_Motor_pwropt.dcp"/>
  <File Type="POSTPLACE-PWROPT-DCP" Name="Main_DC_Motor_postplace_pwropt.dcp"/>
  <File Type="PHYSOPT-DCP" Name="Main_DC_Motor_physopt.dcp"/>
  <File Type="PHYSOPT-DRC" Name="Main_DC_Motor_drc_physopted.rpt"/>
  <File Type="ROUTE-ERROR-DCP" Name="Main_DC_Motor_routed_error.dcp"/>
  <File Type="ROUTE-DCP" Name="Main_DC_Motor_routed.dcp"/>
  <File Type="ROUTE-BLACKBOX-DCP" Name="Main_DC_Motor_routed_bb.dcp"/>
  <File Type="ROUTE-DRC" Name="Main_DC_Motor_drc_routed.rpt"/>
  <File Type="ROUTE-METHODOLOGY-DRC-RPX" Name="Main_DC_Motor_methodology_drc_routed.rpx"/>
  <File Type="ROUTE-DRC-PB" Name="Main_DC_Motor_drc_routed.pb"/>
  <File Type="ROUTE-PWR" Name="Main_DC_Motor_power_routed.rpt"/>
  <File Type="ROUTE-PWR-SUM" Name="Main_DC_Motor_power_summary_routed.pb"/>
  <File Type="ROUTE-PWR-RPX" Name="Main_DC_Motor_power_routed.rpx"/>
  <File Type="ROUTE-STATUS" Name="Main_DC_Motor_route_status.rpt"/>
  <File Type="ROUTE-STATUS-PB" Name="Main_DC_Motor_route_status.pb"/>
  <File Type="ROUTE-TIMINGSUMMARY" Name="Main_DC_Motor_timing_summary_routed.rpt"/>
  <File Type="ROUTE-TIMING-PB" Name="Main_DC_Motor_timing_summary_routed.pb"/>
  <File Type="ROUTE-TIMING-RPX" Name="Main_DC_Motor_timing_summary_routed.rpx"/>
  <File Type="ROUTE-SIMILARITY" Name="Main_DC_Motor_incremental_reuse_routed.rpt"/>
  <File Type="ROUTE-CLK" Name="Main_DC_Motor_clock_utilization_routed.rpt"/>
  <FileSet Name="sources" Type="DesignSrcs" RelSrcDir="$PSRCDIR/sources_1" RelGenDir="$PGENDIR/sources_1">
    <Filter Type="Srcs"/>
    <File Path="$PSRCDIR/sources_1/new/Debouncer.vhd">
      <FileInfo>
        <Attr Name="UsedIn" Val="synthesis"/>
        <Attr Name="UsedIn" Val="simulation"/>
      </FileInfo>
    </File>
    <File Path="$PSRCDIR/sources_1/new/SpeedControl.vhd">
      <FileInfo>
        <Attr Name="UsedIn" Val="synthesis"/>
        <Attr Name="UsedIn" Val="simulation"/>
      </FileInfo>
    </File>
    <File Path="$PSRCDIR/sources_1/new/Main_DC_Motor.vhd">
      <FileInfo>
        <Attr Name="UsedIn" Val="synthesis"/>
        <Attr Name="UsedIn" Val="simulation"/>
      </FileInfo>
    </File>
    <Config>
      <Option Name="DesignMode" Val="RTL"/>
      <Option Name="TopModule" Val="Main_DC_Motor"/>
      <Option Name="TopAutoSet" Val="TRUE"/>
    </Config>
  </FileSet>
  <FileSet Name="constrs_in" Type="Constrs" RelSrcDir="$PSRCDIR/constrs_1" RelGenDir="$PGENDIR/constrs_1">
    <Filter Type="Constrs"/>
    <File Path="$PSRCDIR/constrs_1/new/XDC.xdc">
      <FileInfo>
        <Attr Name="UsedIn" Val="synthesis"/>
        <Attr Name="UsedIn" Val="implementation"/>
      </FileInfo>
    </File>
    <Config>
      <Option Name="ConstrsType" Val="XDC"/>
    </Config>
  </FileSet>
  <FileSet Name="utils" Type="Utils" RelSrcDir="$PSRCDIR/utils_1" RelGenDir="$PGENDIR/utils_1">
    <Filter Type="Utils"/>
    <Config>
      <Option Name="TopAutoSet" Val="TRUE"/>
    </Config>
  </FileSet>
  <Strategy Version="1" Minor="2">
    <StratHandle Name="Vivado Implementation Defaults" Flow="Vivado Implementation 2024">
      <Desc>Default settings for Implementation.</Desc>
    </StratHandle>
    <Step Id="init_design"/>
    <Step Id="opt_design"/>
    <Step Id="power_opt_design"/>
    <Step Id="place_design"/>
    <Step Id="post_place_power_opt_design"/>
    <Step Id="phys_opt_design"/>
    <Step Id="route_design"/>
    <Step Id="post_route_phys_opt_design"/>
    <Step Id="write_bitstream"/>
  </Strategy>
</GenRun>
